short-term_memorability,long-term_memorability
0.8418209062257406,0.7833950154130922
0.7943973281330076,0.7974895827900828
0.8932221354110579,0.827800845546959
0.8570135700642582,0.785137195243846
0.8370842708073424,0.7301464419971808
0.881623838749769,0.8517775871955504
0.8431181196575639,0.7709898315921753
0.857364164877035,0.7984450684444933
0.876437346516921,0.7603306924466342
0.8639541494442409,0.7551606563070044
0.8030457770904073,0.7103651963926794
0.7920575412375823,0.7317985836796281
0.8530694196541592,0.764387882411751
0.8571089233260595,0.7880115691049528
0.8512873798689288,0.7641103103259184
0.8844609910004512,0.7134470640934634
0.8678950828325631,0.8017731413728173
0.8877302729524245,0.8355976981497795
0.9003451476934421,0.8607726009529646
0.8599133386624696,0.7351245111129315
0.8703897441091739,0.8127349013733352
0.8699084798020471,0.7195118777764598
0.8714933885223156,0.7885833779898564
0.8469678839369758,0.7920926123689462
0.8852503632230078,0.7873759168595568
0.8723128611417207,0.8581185786797535
0.8854358037320309,0.8431358720282291
0.8749855110168314,0.8068772103726998
0.8518548933633091,0.7896129819395002
0.8644668700113518,0.7696005782509043
0.8204319878620216,0.8600136106087084
0.8952353052686033,0.8172784308279916
0.8654699493207849,0.7780110727533446
0.8086977048709236,0.7977408992205014
0.8885349665807846,0.8561131703536029
0.8752341660393848,0.7985419759383008
0.8751180134524684,0.7915772982421315
0.8722144086137538,0.7595780531600599
0.8676941729449367,0.7800870802368335
0.8549146520430615,0.784203888480764
0.8720021119694569,0.7702063823426807
0.8533848265779606,0.7511447266886293
0.894689128341955,0.8139873058890839
0.7409231991705372,0.6323386053277922
0.865396424033307,0.8199701263170194
0.893680663787449,0.8479306202677478
0.8754451109444754,0.7714099360589306
0.854259108110067,0.7658359656519926
0.8721211522095451,0.77850642853976
0.8654497331666088,0.7890535964958354
0.6650060537762027,0.6468054212583821
0.8512959170871928,0.7911230777276146
0.8590805905073662,0.7932967973801857
0.8555816321059844,0.686776274911027
0.7947143553748701,0.770417314439759
0.8707411312180374,0.7739864603255657
0.8427411748485463,0.7840258913926904
0.889996096519033,0.7985637619194462
0.8014534299271624,0.7499163604721054
0.8683499638576831,0.7276038493411674
0.8107460943047017,0.7149034522182186
0.8643855526015436,0.7739763398654448
0.8495550871959616,0.7881509280390664
0.8661801587571438,0.8060225416443354
0.8585085526045109,0.7511754505750541
0.8630504295287341,0.7588627784726837
0.8639953474864485,0.7976080734965396
0.8548368581933086,0.6864526870924603
0.7971574122915117,0.7092145873120853
0.8498000550898784,0.7900584205571817
0.8823637308287402,0.7491723242359477
0.7824987189643011,0.7568864910517473
0.8360702353735869,0.7562558499940722
0.8555417271135217,0.7672821549361117
0.859058437563307,0.8095628869611408
0.8948634463843586,0.7795529618150419
0.8361723712510625,0.7587058051678389
0.8523524773642944,0.7797937539724706
0.8683795015920724,0.7988302610324653
0.8789567894343269,0.8165931432430146
0.8982206472924781,0.8483977394846098
0.8658194313346208,0.7441722481908779
0.8399445710929346,0.7689616046409087
0.896585918551829,0.7829936379420177
0.8914463262854984,0.8026887080881668
0.8148522645111597,0.8120534476266561
0.8773068831271775,0.8127525619865256
0.8837391976417401,0.8144707814617893
0.8163142290182062,0.7894122793620605
0.8688632433949526,0.7599099252901634
0.9009947175518369,0.7769921851666732
0.8922952581880872,0.826023995322213
0.8431030327977481,0.7679629318841095
0.8059869308765772,0.7695789709175318
0.8689426914649362,0.8487226988366741
0.8646234632174746,0.7172225029635764
0.8868279151485406,0.8075173947912648
0.8951064556919408,0.84285981758046
0.8541213146213851,0.7787542121329766
0.8778135426942753,0.7845851720129302
0.8778731898499359,0.7821857028523445
0.852407244654102,0.7935729088453792
0.7915997840474129,0.7273852890594894
0.8649456147066671,0.7115182770170132
0.8254114078630237,0.7389003445815217
0.8646063456002523,0.7164969258873243
0.8439525546857768,0.772769507502602
0.8307369466550184,0.7289531662060982
0.8462093539990554,0.7200133375389572
0.8465257365540756,0.7833498336198546
0.8803708418538506,0.7970265008315827
0.8691572607304259,0.7888834623900678
0.8597400641721772,0.7818867148818384
0.8822080314846305,0.7940948833007442
0.8960041443876323,0.793126035283376
0.872504243579808,0.8325218638187005
0.8821049315665045,0.834776113923516
0.8357072145369857,0.7486713513628679
0.820595515957412,0.7601585899145651
0.8856401409888554,0.8441213362746064
0.800734809822611,0.7777004350101275
0.861495873833797,0.7397304990270048
0.8423054184106342,0.7434791351008317
0.8129879196248087,0.7502171592099858
0.8584291359688108,0.8121835997835701
0.8667263665896405,0.8554188107667303
0.8884930935737896,0.7767883320820641
0.7795546641468009,0.7109466855777287
0.8552481985477667,0.796682018608033
0.8792803522677582,0.8294792460952896
0.8464339063539369,0.7932325050216055
0.8726854518984981,0.8245105533028099
0.8543962503682322,0.8151420195566246
0.8325408674236582,0.7570009250384286
0.8388760116482393,0.673521001157004
0.8416126361757621,0.7401202726961322
0.8607266164564829,0.7047997477680603
0.8436839211225338,0.7836987116485923
0.9055561269113961,0.82068677511964
0.7911752327963486,0.7355977073878623
0.8444137665254524,0.717383157633669
0.8590594027200076,0.8177627668594062
0.8589063158382444,0.7870208506022983
0.8376344517330998,0.7913337247880817
0.8640567847376945,0.8109789335265503
0.854488246249224,0.7390390776322406
0.8036965701386111,0.670943340437397
0.8563962137764934,0.8035464370075442
0.902430276648378,0.8222893791000249
0.8561335831725531,0.7751049738121185
0.857744723645109,0.8706085836943516
0.8790128428471209,0.815921587826277
0.7878369649461563,0.719178797588854
0.8850123127328378,0.8025604982127212
0.8355858345319536,0.7488475551716423
0.8431623519569613,0.7844813729060103
0.8083332973489874,0.6733293710008064
0.8735384076383284,0.7961375385864955
0.8836232128887379,0.8060304015210997
0.8644929193554627,0.7560416075918064
0.8813887336185984,0.8411169503518693
0.8017741544300284,0.6826454944618638
0.7718136478471154,0.5996252880792245
0.8357818204795733,0.7422655238366864
0.8744253763134094,0.8181222272188111
0.8404417632128587,0.7672627562343506
0.8694597949990892,0.8253855935187225
0.8783131114830613,0.8071540301439668
0.8900280125670056,0.8185106567111062
0.8489923115084487,0.7751946161457913
0.8422470303950667,0.7531161525829219
0.8266510942394212,0.8190268550541562
0.8846878433281311,0.8060289877193908
0.795502655848199,0.7527675579678949
0.7900988074690956,0.6559956485431657
0.8516476853720374,0.7628940856326167
0.8727416839798591,0.7889721025352635
0.8415895127920948,0.49676527279893234
0.8847153390714086,0.8132351624201163
0.8578248681875623,0.8079449474885605
0.8514183006913583,0.764418854231782
0.8518165738053921,0.7467132440414361
0.839570086113195,0.728193231492444
0.8012645495058175,0.6749319324280407
0.8751944772102356,0.809998280763461
0.8917131862351698,0.7792437490096167
0.8880660270192593,0.8272543708619876
0.8590078301979809,0.805294395891269
0.7931954776027472,0.7376025827211087
0.8618164857323949,0.7951893456225061
0.8330037877483628,0.7398650307099258
0.8952531623192597,0.829819350931455
0.8881901388838398,0.7833320256604592
0.8606675192283365,0.8147250324872772
0.8728713308115117,0.8010129500552087
0.8599388040513584,0.7713057666416653
0.8701675367574424,0.7793242088332492
0.8283594399014,0.7696684361795527
0.8754645293199628,0.8130685655474408
0.8657540098457169,0.7773296259414103
0.8651751086869381,0.7889294765276496
0.8306273951103434,0.8176531859899503
0.8835033055586465,0.8263257233842491
0.8495723220187259,0.7578096779118264
0.884260156467248,0.7479738266199097
0.8712084996123192,0.7832441272617179
0.8334521338673155,0.758667750737541
0.8125385417105797,0.7353633832745421
0.8514339559848286,0.7065843994130322
0.8528460968218684,0.7935672351456234
0.8935085176061666,0.8309261710947188
0.8377406388606354,0.75816606200632
0.8763578998031347,0.7987574849298191
0.86012150241602,0.7517759102693045
0.8344126556005409,0.7606182710283106
0.8576569676534909,0.8176453210512544
0.843504479962142,0.7622039491660277
0.8164575766825637,0.8645838633009163
0.8553109641881433,0.8148455170635851
0.8599984108012195,0.8033331970785016
0.8926589478639824,0.8039480510061273
0.8314284096433708,0.7785184901631027
0.8897207006976174,0.7754744683168207
0.8526776906671663,0.7725293105150295
0.8470501558812769,0.7674737363760976
0.8856181265315639,0.812459091588349
0.8627048717645449,0.7607082070311622
0.8680347563717309,0.8253317577035344
0.854635309508781,0.7397618009416607
0.8414723969360632,0.7397235612717266
0.8302915210964716,0.7968016523644899
0.8690386389809728,0.7801287569601623
0.8512197587808351,0.7845723747653263
0.8295916655809501,0.6981935328650102
0.8585819321938982,0.7593556668228371
0.8632262096194354,0.781023550972513
0.8320807962579122,0.7764932536738524
0.867827688848354,0.7993641934183351
0.8670237914919092,0.803193223134965
0.8801923472139964,0.7747235132019663
0.7340331520118971,0.6629333780608144
0.8476194708757597,0.7745087467089837
0.8548609213083368,0.7069360625554991
0.8282354629838447,0.7458470990402848
0.842264291781775,0.7070516734699719
0.8490708495378743,0.7551903310761644
0.8703030316872934,0.7909202116919654
0.8564725677941127,0.7397816793557574
0.7572156855337716,0.726512311590539
0.8253545370008355,0.7727187205292416
0.894448839091322,0.8060600569462695
0.8942839582704682,0.8425403364541142
0.8403136718640783,0.7441493858059173
0.8491854880392065,0.8118425672012644
0.8375084790283778,0.807306592067876
0.8034076241171118,0.7074630742858037
0.875236466243626,0.7829402406906176
0.8432521082788442,0.7272098609032162
0.8503920835092382,0.7781475083235407
0.8748078766116949,0.8164939452172227
0.8412527944946835,0.7286313162467458
0.8471893184364826,0.7856329074398901
0.8375453818261166,0.8478055762522739
0.8496256353913911,0.7805899168093169
0.8563194366773488,0.827445011814362
0.8560636117119729,0.7816472723380663
0.8747159815708896,0.8037574840508988
0.8632141162339845,0.7960387602507454
0.8734334078743716,0.7872810704729896
0.8907693156828416,0.8444100372294632
0.881771949276253,0.8119205327768948
0.8388053593413352,0.7640701272853759
0.8615285691956718,0.7844621224100032
0.8119708176420497,0.7248924784957407
0.8131282699113211,0.7139291873917086
0.8623071766015361,0.7619074225629848
0.8685887072181965,0.806502192186931
0.8552026360514762,0.7373179236534514
0.7846313733154349,0.6799074848999016
0.8517438300203151,0.781731393486519
0.8472663511124767,0.8032165465893552
0.7937884271128833,0.6914820572813742
0.8676579905836903,0.7706816991959282
0.8432775541259967,0.7864780062712171
0.8534670776820907,0.7982301745866957
0.8824245619137078,0.7640232070988787
0.8543945434832325,0.7147971625252473
0.8645391511402194,0.7384126210712363
0.8568654624428589,0.8339252600591014
0.8226289514030762,0.7758522631572512
0.9127260769866222,0.7890526022581069
0.9002638945230202,0.8181978984423983
0.8658811030398483,0.8044839592348895
0.8436735589911989,0.7350993961504813
0.880886814060665,0.8197974010464155
0.887660780014039,0.6902384745038859
0.8513357851768081,0.7924805293688398
0.8576219209557909,0.8489785666974743
0.7732708328948766,0.7418963806143756
0.8812388644388689,0.8064838763910769
0.851875157547565,0.7493870907009064
0.877917435289226,0.8183622050333474
0.8744729893338309,0.806120699842349
0.8573142889501358,0.8011866573047224
0.7787537555300916,0.7262901033407907
0.8866360257421971,0.7898500010368793
0.8542633708591733,0.7551371049180988
0.8799222649661376,0.7763187897192523
0.8849063298295207,0.8458465036734482
0.8832902457386587,0.7432422246812784
0.8424858365927226,0.7959288185799058
0.8879005679940539,0.8163755868071937
0.8325152727152636,0.7569814051073019
0.8604439236865016,0.8060280812996604
0.8640510273106301,0.7842400315812437
0.8613802744912309,0.7820577175481154
0.8923518254472435,0.8198633636215404
0.8560013490385022,0.7304751858615122
0.8715376669686361,0.8606468522794191
0.876713877345549,0.798363877670775
0.8703535718033989,0.8193320506108688
0.8962112359534025,0.8438126198619528
0.877265824006625,0.8002025802911321
0.786949081596191,0.5670558201651542
0.8367904135350248,0.7059837272233336
0.8759634936767103,0.7803097896072739
0.8463700291444829,0.7621351902308172
0.8557948580300029,0.8414668083309905
0.8432938922571287,0.8284839266366694
0.8420968289815152,0.7737496562079641
0.8251206034446288,0.7389075621580156
0.8041273285133727,0.7008949773230857
0.8741748437644272,0.7820216917062127
0.8583480570016176,0.7598425959610084
0.9063790754480914,0.8269865593623099
0.8405704211461569,0.7995895894581088
0.8656773969316114,0.8238871773139416
0.8539238577868831,0.7571250643392722
0.874311861471148,0.8124397176868423
0.8821068711182857,0.7012133752652597
0.8372598543830121,0.695296436568093
0.7933968815915675,0.8039448073711777
0.8673748956259449,0.8143251891507696
0.8204681062655048,0.8203676967436753
0.8509658500565496,0.7932713666991299
0.8335467838362824,0.7556876608407939
0.876523102069371,0.8416323082704882
0.8382678364785048,0.7238519667199499
0.8459095841285624,0.737804258065815
0.8691066121557133,0.7793063014627621
0.8389688590805018,0.7106990508742079
0.8905803561216665,0.7941307297165119
0.8613604908348889,0.7808033190401145
0.8699722567628854,0.7738089682983501
0.8845475853650633,0.8349009311985254
0.8440236949634417,0.8107599470730784
0.8756224264768215,0.7853657039627668
0.8572088793622858,0.7875601221915376
0.8133999158127229,0.7151386120319639
0.8594484801874391,0.7910446119907215
0.8701717678178118,0.7911984268591984
0.8960303930695498,0.8154857183028543
0.8583401946248101,0.6957589572723044
0.8719504416492987,0.838258692491628
0.8202069325817279,0.8123863663117525
0.8586546733818123,0.7861932214585807
0.8494243482005479,0.766766424730494
0.8537694488619706,0.755400435763504
0.8755502409800386,0.7863273220387499
0.857745272342807,0.829919106231048
0.8078771307121225,0.7640928041420387
0.9027871997190523,0.8226643498184617
0.8347060560242697,0.7408969670187083
0.8996598513079078,0.8672464619911002
0.7815253003769053,0.6878869052899557
0.8433076428856789,0.7727488859969418
0.818772567758969,0.7084101010780308
0.8763791637505627,0.7256217164977966
0.8400600998264391,0.7965168770246354
0.8487619640146816,0.8351463942304864
0.8463101453446088,0.7725416675429421
0.8627784462542332,0.7522123461170382
0.8194995862176163,0.7840661746090876
0.8768112282232678,0.7938950833033037
0.8496406047896838,0.7777950227982399
0.852910118555998,0.7850624059745992
0.8826198719093068,0.8102349522077908
0.8656457218643467,0.7906934331906006
0.8513965989891773,0.7821665289831083
0.8609929482293388,0.7508675597193435
0.8181905479690119,0.7048994155462988
0.8520116665757046,0.8054140478911704
0.8697924666429864,0.7489561604693348
0.8417033870435053,0.7677974852090865
0.8913664827974785,0.8272928087444408
0.8794435021304636,0.7674693383738754
0.8407839613888297,0.8039437185752931
0.8265261209276147,0.771766764583385
0.8359514636187005,0.7861755887509381
0.8631667591973939,0.802139621891022
0.8176610305557754,0.7293360390500281
0.8689595497479707,0.821143485222741
0.8660654220859396,0.8165361128500563
0.8620164970447506,0.8033515099841023
0.8208504165917498,0.7581064038476939
0.8631245359265013,0.7923994529148877
0.8546789906526822,0.6854720750784898
0.8335972863775145,0.7532365976106266
0.8707065907620679,0.7866299141012358
0.8585219479104605,0.8206001965792662
0.9047624380795021,0.825023524987977
0.8634440056479455,0.7056925596199192
0.8457477956930752,0.772663341663779
0.8051676408782501,0.7797709906494493
0.8183425386971228,0.7579243045938491
0.8720300088604188,0.816909376177581
0.884853143635277,0.7773588365727838
0.8583827510505527,0.7896157891257825
0.8563932411514299,0.8155958815501427
0.7249078273799572,0.7370769845456384
0.8684346656219077,0.7876931852244871
0.8372883186831963,0.7329347028387181
0.8470512580090938,0.7376787682159507
0.8614521920383706,0.826488508428221
0.8654354209606092,0.809094207091912
0.8482942560852182,0.8199571127830287
0.8803562920196106,0.7740875076987079
0.8827376473810477,0.7873301317406292
0.8646059584866148,0.7941106086020497
0.8604664540349329,0.7889803914701641
0.8715506684824437,0.8459638019941261
0.8718357673326513,0.8194563471529228
0.8311593741026837,0.774699487219882
0.8681447575651065,0.790168729784426
0.8649399452352127,0.8556687944070109
0.8488948784962307,0.7667762050426492
0.8301676016775721,0.7176230133590451
0.8863697319009594,0.8176065281060921
0.8813293257896645,0.7498679905168025
0.8475212012192334,0.8314915008923847
0.8901985381184956,0.7938484580052685
0.8794904398442415,0.756933587401392
0.8626417795150079,0.8114892351452124
0.8759629689523654,0.7898847541674937
0.8057282397139254,0.7459866299461116
0.8658634218566394,0.7780233472254748
0.8526070937896353,0.7146333497652905
0.7721101671677219,0.7232882130298421
0.8441985860792198,0.6329976609161199
0.8503405270698832,0.8410315285245858
0.8057457120540357,0.7328604797741314
0.857200993619258,0.7796070272328928
0.8357285818973694,0.738047634915785
0.8821702260332513,0.7715133063657391
0.8114283662630124,0.7417463562689006
0.8062282270643317,0.7903372494675565
0.8690785002046061,0.808877195671203
0.8520577415261215,0.8410600557290528
0.8443536876606546,0.7772950229548509
0.8803084883067129,0.7819896455714401
0.8580620685081481,0.807671751413985
0.8477298774961346,0.7662421030615081
0.8813981314752638,0.8337849587445938
0.836345035469767,0.7520475674940199
0.8540242706968033,0.8239372317900128
0.8421946138734548,0.7684970517093026
0.8098439599813427,0.7873354386234888
0.8594158210117901,0.753292739385979
0.8301363920612967,0.7030593725152628
0.8313207958649163,0.7686186880649452
0.8539447997507242,0.8050158117669125
0.8504420831194595,0.7804422946783756
0.8443738078088603,0.8027587649716246
0.8346586148536507,0.7228372319197205
0.8649076597146983,0.7878802054494713
0.8751585224414836,0.7500086434233337
0.8841814488927764,0.7052812378384345
0.874385105805321,0.7920909039495609
0.8504294856918295,0.760814881406232
0.8551512809961147,0.7947426540134926
0.8307721358548792,0.7789105738756
0.7907952569111443,0.7296144760782045
0.8593758320559115,0.7761670836100636
0.8572535559401574,0.8139035508052961
0.7751272523461123,0.7624556466319468
0.8059842020936494,0.6934641522074263
0.8646493628298952,0.7364156382362894
0.9015973237353373,0.849912436898459
0.853132931290844,0.7716511956812464
0.8920865008526218,0.790305357838806
0.8732106868979284,0.8203748193632774
0.8878230971648732,0.8117034294785985
0.804684528685121,0.8008513408388624
0.8358723790019703,0.8708413948145399
0.7745241436575767,0.7217257878798562
0.8557110606355349,0.7485642370680754
0.8646340714479225,0.8503221412449433
0.8904268807046749,0.7935650834063294
0.8304599929314362,0.6920732890111523
0.8802399398786709,0.7930620764538847
0.856257937260968,0.7744701501055534
0.8038440792494523,0.749659825311237
0.7935918729486,0.6833236508229866
0.8579210274012528,0.8164545351805857
0.8045554934287056,0.7559674990322303
0.8535307601901194,0.7721737624718636
0.8352484975773746,0.6860090725914283
0.8257507429469402,0.7026517663653753
0.861010301533289,0.7566019549350036
0.8780737989463568,0.7883205954024916
0.8389149082358656,0.7560770968686359
0.8787192533475029,0.7831156493607296
0.8879989639437373,0.8260465039142717
0.8685691750393271,0.8054937376037756
0.8540869113894977,0.7816904329677126
0.8311058485827411,0.7719318952879983
0.8466839339682898,0.7251245248405155
0.8791092808075814,0.7747085827826038
0.8663211616106283,0.7995186463800366
0.8571306334144217,0.7399404870154416
0.897956007180907,0.8765197596197272
0.8788843691391999,0.7932147452239027
0.8408751966546739,0.784040803666548
0.8796540357688144,0.7866313023997173
0.859669351084457,0.7619257802695013
0.8927380217627273,0.7946835257343532
0.8558681036758073,0.8045304433883053
0.8636866715835881,0.8062319224950334
0.851496640006555,0.8005796874866163
0.8402711084325856,0.7434529787893481
0.8650787900750891,0.7144792500178734
0.875600718233088,0.8233515466909777
0.8639637493384119,0.78861706718538
0.8563609980222064,0.7747187245304812
0.8877214841562833,0.7924431488762369
0.8584665247119004,0.7680267817989167
0.8827015129268969,0.743452977523674
0.8454095716723538,0.7775621608469317
0.866170975517156,0.785311696045497
0.8650372603776195,0.7865695734322301
0.788269475547821,0.6342416121636003
0.7831395843347072,0.7450951441236453
0.8664218975856216,0.7911226633858706
0.8787504531743215,0.7236556353008025
0.8677311183038527,0.7578022591981957
0.8472188159208456,0.7593242981625299
0.8858762581041484,0.7595219276448352
0.8549197241219958,0.7397732960742136
0.8849118861340871,0.8067938368484872
0.855203438572328,0.8012766746061777
0.8542062631725988,0.7976541987731961
0.8689908209447141,0.7541414989691126
0.8749334309701154,0.829744271615082
0.8616668512127614,0.7508728402247635
0.8853188917064773,0.7598284532818437
0.8540200928226797,0.7697141922377365
0.8774641401989522,0.800785753494724
0.7622594722420482,0.6950588135362328
0.8554625581454584,0.8165567533356255
0.8350491460240757,0.8243842956130079
0.8540520850450642,0.7781272083003876
0.8464991038654059,0.8077637156184623
0.8729773172206576,0.8318677319304566
0.8473630627645881,0.8373053077217046
0.8463078497123001,0.764426491447552
0.8744530799885273,0.766671170524683
0.8686938022082167,0.7819327093238285
0.8511351204290408,0.7289697375773654
0.8772250129927283,0.8145011342534076
0.867725403833875,0.7983930880524341
0.8399495170063658,0.761293020784733
0.7443089785266237,0.646625265343469
0.8446881743639916,0.7604921478481468
0.8737668189175883,0.7994457143450981
0.8816281699218587,0.730852372530296
0.8606248917854313,0.7696043816585312
0.8597104702590687,0.8229507153250385
0.8661712928061107,0.6972261945044268
0.8568390583402102,0.8231970050103079
0.8865324758194438,0.8310209730632245
0.8158364102088427,0.7865520957586054
0.8925201286820249,0.8173339817858363
0.8541303137641582,0.821373415642188
0.8223290154365507,0.7788334295176453
0.8370760874696714,0.8105393723271955
0.8644566428442942,0.7540494238023815
0.8227393396129934,0.7824425989415956
0.8532577463471475,0.8160526395407193
0.7586230809882851,0.7326810666694141
0.8602004605751647,0.810145872128266
0.8949826004244763,0.7975724256205383
0.864979052122762,0.6712805216459796
0.8083897589279394,0.7600028898532465
0.843089004240811,0.7259387557054799
0.8231015998842701,0.811906684763483
0.8115950698786083,0.7185428581187647
0.8983772023123306,0.8478600286941038
0.7952724675863616,0.7026372323756195
0.8514064228665927,0.7449422463857414
0.8522051416034198,0.847568220056569
0.886521594121506,0.8330992667367998
0.857113123175323,0.7826896916326025
0.7327021803454997,0.6932371164726913
0.8449207673442176,0.7523745226476042
0.8516872692450863,0.7162060418744154
0.8757142070960897,0.7463729436745703
0.8689992492177303,0.8319686275445095
0.7598617590392742,0.5279556505691492
0.8774734136987639,0.761850880769574
0.8924248942892612,0.8319167410152346
0.8813744956688687,0.7982016483934979
0.8670822487268215,0.8163760318180997
0.8615677527414951,0.6914542998581379
0.8516678692104087,0.8095196898844023
0.859439222101761,0.8011772931420627
0.8197499436276844,0.8064529118143121
0.8626047190925172,0.7557603295492137
0.8416559324905698,0.6999599795335091
0.8341253484371709,0.49439622650347215
0.8847616918892524,0.7763310043530628
0.8712360452637934,0.8360656623847184
0.8433719576457402,0.7284193045862173
0.865422229865433,0.8481811013477063
0.847263651483678,0.8212039887812282
0.8580605281751768,0.7258894689210872
0.8565896293008963,0.7802966447822182
0.859416285472733,0.8438913920952865
0.8112984337974156,0.7513707439289901
0.873583293257228,0.7435539580473969
0.8039360542668211,0.7673993653514386
0.898243002376212,0.821160097333919
0.8668295119519887,0.817028026131096
0.878285754001814,0.821947215840065
0.8831188950605815,0.880298533711031
0.8394007472970939,0.6935157085995381
0.8304727239438457,0.6795045398128297
0.8413302461988283,0.7889158842998979
0.8010319261422201,0.7502165816284379
0.8754639263140601,0.8313473283016442
0.8472345711214659,0.759874701029008
0.8670561582380455,0.7759284772846302
0.8715486732356117,0.7863520788374885
0.8506092975690459,0.7938898198648867
0.8636422390630853,0.8371879969251745
0.8759342165488899,0.7745248098816716
0.7899694045794682,0.663906355695753
0.8717928793287075,0.8171353912877501
0.8768025708148377,0.7811339761389005
0.7117286023384546,0.7159346059852786
0.836277320565595,0.762756966061166
0.8292470968321131,0.7485419324486888
0.7602597419365121,0.703466163805224
0.8646025862305836,0.8381455516612233
0.8901352582068013,0.7701307032546305
0.899025187392261,0.8644151196182763
0.8801398974416188,0.7582416340766156
0.902437168858997,0.8398307626233623
0.8166886227188548,0.47942733031259455
0.865371539055966,0.7726668780895394
0.8430356914537326,0.7017556457074766
0.794890074319309,0.7257628666899907
0.905829273640339,0.8089386360329087
0.8463402025375145,0.7416620359932998
0.8596310331613399,0.8037063116171697
0.9047136548472074,0.8324552096239124
0.8493344883848268,0.7937263497711202
0.8461134947416029,0.7797239183050013
0.8569462083735756,0.7614650600799494
0.8432908370415999,0.7740427054346375
0.866246479714146,0.7961582327043695
0.8749733685283626,0.8471937203629885
0.8671395684868621,0.7422476305553593
0.8645659084456018,0.8010552839260947
0.8819561294879747,0.8054485336370735
0.8362147366468008,0.7450671572096854
0.8772352740088065,0.8096329407278542
0.8291058897666455,0.7806712893329566
0.8604942960196498,0.7611425556343996
0.8576322582964867,0.7230233122164084
0.8603592927002368,0.7902573426310826
0.8061116235467612,0.7663550180811115
0.8869747208418683,0.8069354647696265
0.8831751359166851,0.8321387577606636
0.8844375296006017,0.8067943715611317
0.8924624595705445,0.806470824598428
0.8089502685487,0.7376273932277659
0.7926381287679938,0.7880899084033066
0.8192497023117304,0.7121862300415235
0.8554311268919499,0.8494992616824202
0.8710841940181225,0.776616842639688
0.8331391434678593,0.7552486777960803
0.8691078045834199,0.7802336038485665
0.8051437093763383,0.7680342756484048
0.8519653585898417,0.833959855259234
0.8462054613709209,0.7975773052541035
0.8702723279515754,0.7957442340054386
0.8604592201249752,0.7951644180022776
0.7349501582015796,0.6769717703640248
0.8955453535946236,0.8306409603972118
0.8904513122826467,0.7747800292143017
0.7866789193634324,0.6681866196605284
0.7738073344628861,0.6625823717505357
0.7760318575353162,0.8409081197106687
0.8451812428065051,0.8066131884997708
0.8726849560159133,0.7545382937538796
0.8538351202179746,0.7704870685458942
0.8339942234060718,0.7789477905237044
0.8025855363089874,0.7645589432749197
0.9094975883048994,0.8518197572028459
0.8316226768257435,0.7782152859686531
0.8899717742660731,0.8148716983352872
0.8088396427848792,0.7611471701280375
0.8821581459869927,0.8232848968088421
0.8387536627134853,0.7929238368960886
0.8592679276290192,0.7638846599208786
0.8772639295235797,0.7985091662682163
0.8364666571222724,0.8101389162043717
0.846534990531893,0.7877559145996557
0.8817159532472121,0.8142598378679717
0.8098835883461676,0.7266597564112754
0.8526673819764248,0.7719014740074197
0.8574149713200077,0.7895307468218623
0.8501851258215353,0.7930884221273096
0.9053655369782114,0.8328128110018342
0.8568427196179551,0.8169064502596197
0.8573011012338334,0.812574084490685
0.8591502135192512,0.7669709299731455
0.8685084369061253,0.7906821240843028
0.8568930944661328,0.7906908813584664
0.8288852043057164,0.7654140715737509
0.8306168647586071,0.7641074868758291
0.8505889327720385,0.771651619217645
0.8904682095754672,0.8264591346407735
0.8006557512710467,0.748888719475239
0.8827346723051566,0.7962002619794011
0.8634332009647351,0.7644543174537748
0.8434052489118968,0.7314298460209228
0.8359969802236026,0.7819135288799358
0.8212108968309919,0.6676427154285587
0.7653556869641295,0.6871226023210221
0.8441305549166371,0.7633270992046656
0.8852652078058035,0.8040928896521353
0.7605904904965917,0.7126826471278691
0.860361659945167,0.7798567322565785
0.804476708804044,0.7761682123291225
0.8536907096553253,0.7751478514934478
0.8583540453796501,0.7695188542155122
0.8668983506029555,0.815636513839515
0.8681380325771091,0.6730883194282131
0.8419410899139599,0.7713212614662266
0.8682345773256509,0.7719346661704432
0.8649478318837627,0.7918330046421052
0.8941922880844837,0.8517051510023079
0.8723087261310871,0.8105869724691595
0.8398985118514319,0.6939157559132716
0.8807031687450717,0.8248898841402074
0.8625463540108325,0.773510545551431
0.843975627810257,0.7982024083359232
0.8412876052395165,0.7454310228143948
0.8490200818413987,0.7382686674164524
0.8937898415258214,0.8179749800518034
0.855884607771193,0.8110845342793539
0.8723868450320045,0.7653956553982411
0.8122022359090785,0.7626037251494646
0.8237316600503444,0.7778831998767072
0.8342387014498044,0.7243062108966799
0.8583177865599936,0.7625541671041864
0.8542598392596665,0.7744964701877615
0.7990039495614325,0.7821436933837744
0.8022182409868496,0.6985734811323226
0.8621006727797293,0.8445370706212669
0.8344582757938744,0.7435212794695676
0.8213613550207199,0.753476333271228
0.8585735770898217,0.8034760806442602
0.8822568235569368,0.7910454725312472
0.8578808059775742,0.6891784429474819
0.8535519821805977,0.6928204061070831
0.8638965222904644,0.7724080563348433
0.84344979661846,0.8001653507731739
0.8520273234622098,0.7635354359493156
0.7870118854847269,0.7671503887025931
0.8457550177669619,0.7730364662389568
0.8644552515898791,0.7393358062564475
0.8284681903549581,0.7577437967793974
0.8906327479116407,0.8599521047176573
0.8486352527664077,0.723269444814691
0.867028591717373,0.824724491181389
0.8689531312935428,0.7786272067856015
0.793219585156531,0.7868286691723221
0.8501321812432903,0.7815092302441378
0.8472918233130281,0.7958276131393851
0.8503221758608903,0.7687967426299396
0.8445106798529052,0.7050561066661684
0.8555780892552242,0.6874108329463269
0.8669590680533867,0.7865201530266359
0.8722571158288182,0.8135039159307952
0.856883865791691,0.8041994636149185
0.859805155638469,0.7876545250442777
0.8621217605943713,0.8418521875191001
0.8183944128066488,0.7470059988363332
0.8242671419871519,0.7223087662873856
0.8499393119938273,0.7511751419471002
0.8373192173974648,0.7965712651757819
0.8557669912744573,0.8209226082348842
0.8586336068496941,0.7605926366088206
0.886810927268669,0.8152678363186683
0.8453641878256719,0.779421965236051
0.8551624337462452,0.762589028271582
0.7655567823462657,0.7540537605488956
0.9003870871246364,0.8436009470668311
0.8587585587236697,0.7629362715082291
0.8528553006316388,0.6785183569722906
0.8419687825274019,0.7924800855370145
0.8150192275199464,0.7627537837766856
0.8918282938913555,0.7931587645049063
0.8400408960400563,0.7934020980178924
0.8793785885754427,0.8571471471584
0.8701187348923668,0.799307620998617
0.8456399745979315,0.7991720954783081
0.8407927137523911,0.7809238304582985
0.8426266364464879,0.7684636696278782
0.8631555321583582,0.7488807306172258
0.8123165279746364,0.7043240409537962
0.798342871160178,0.7654939608379182
0.8243449585169857,0.681261354462974
0.8292775032848946,0.7585433202997062
0.8480525835483822,0.8021235647335341
0.8643675677175121,0.8767324937147867
0.8467890261930361,0.7915008871765319
0.8378810446836203,0.718219846536446
0.8342757465253289,0.7885347778595931
0.8540987284798884,0.8089196056669774
0.8865900303868981,0.830971657435944
0.871927282685148,0.799861590683162
0.8552903299883653,0.83048330355577
0.9071929320228066,0.7897676329918093
0.8762221826278193,0.7852025190643799
0.8082968222724095,0.7091940047893732
0.8706962308333851,0.7963106907701298
0.8556373731338542,0.8223230969860023
0.8660209447251365,0.8261578168233104
0.8086466299164918,0.8019650832959504
0.853746422275896,0.7325704017123875
0.8683046321861618,0.7709428885869178
0.8797567141480567,0.8084116063903233
0.8859878873253269,0.8023793143342494
0.8565590914776426,0.8100769473306827
0.821177976740077,0.6867758211510341
0.8687214133409491,0.8534877535247736
0.8302649814476897,0.7942842788114323
0.8851186099383066,0.8007460447211223
0.8664332786686659,0.7426059492152073
0.8490590030669226,0.7780253889285063
0.8355682114088621,0.74844744349926
0.8703282954266159,0.8220507881742154
0.8752469144375545,0.7960877213127524
0.7946505500648309,0.7295394286537655
0.8614740233727985,0.8391477769806001
0.8875621109620735,0.8045563934618714
0.8610733906963673,0.8166265458315027
0.851549038534682,0.8053800746662828
0.8624424337593217,0.800087184152457
0.8349286814520713,0.7477525761914376
0.8606806206979034,0.8287956664117797
0.864848396195706,0.7988135466602092
0.8554794462350797,0.7519634998606961
0.8810035118996851,0.8356863109067727
0.885788347566471,0.7675751723097268
0.8922179103326306,0.8119369853799228
0.8524601388631347,0.8165314916203201
0.8407841702431611,0.7502775124791538
0.869238158683332,0.7621373686881028
0.8815936663168146,0.8068872466156045
0.8884731445261427,0.7698375254060688
0.8837387944395652,0.8144020403468362
0.8903961310201336,0.8031278583979492
0.7980369602860844,0.6724366810440874
0.8627390835087555,0.6910530798429462
0.8585058522300816,0.786604808309171
0.8524298617221575,0.7583964351620406
0.8294791949985052,0.7720472718474352
0.8868264000977368,0.7871643947537399
0.8560965289217942,0.7831245839192295
0.8390342164505733,0.7248893283013824
0.8500080023099748,0.7210234335597856
0.8613940678083527,0.7911002081928676
0.8614375951562117,0.7785534881592493
0.8302286352038186,0.8324457778625143
0.8517072121686452,0.8035322524879812
0.8675550085323522,0.800813610504821
0.7782961026573003,0.7634030638787266
0.8259250638843834,0.782210220201526
0.8844950611660267,0.8054599991884501
0.8617547850396824,0.7702044480987176
0.8659872367517923,0.773203102280949
0.875080856891976,0.7467420570971294
0.8677475342637276,0.8276714243696006
0.8645651564725781,0.7554394905816448
0.8655451089209403,0.802152161572039
0.7793837716643678,0.6575545488295484
0.8596261616103497,0.7107531167569028
0.8585095562711709,0.7844821806995219
0.7924018515725915,0.645777885873376
0.8641066166543971,0.79991544809912
0.8463166205643241,0.7771789033724782
0.8795313586519388,0.8079760382643878
0.8233029429646105,0.7173414662225512
0.8478512599618564,0.7352105619653168
0.7590592733417528,0.7258678707624145
0.8843632283810392,0.822172696232809
0.8587423511448911,0.7889576394755546
0.8508190063761779,0.7500374625428186
0.8636895533978859,0.7513507171150695
0.8662828826315787,0.7465395644111856
0.8612435481012599,0.7862116886083241
0.8497290847021157,0.6983775992861956
0.8769376048984994,0.7759317373110541
0.7616209209129239,0.7326987114449491
0.8661585102931728,0.7769646135192131
0.8705869186662956,0.751508076626487
0.8156748950867274,0.696619488632068
0.8413925066961498,0.7059165781082193
0.8475969875306187,0.7480689934516249
0.8816080504861562,0.7903356679524842
0.8347286619302208,0.7212867149689274
0.8242502779450389,0.6891362596295403
0.740412434599251,0.730151915590008
0.7183467503800804,0.5994979433710151
0.8367062026570862,0.7346623351843153
0.8631293490267484,0.7936786722038427
0.8540207269844,0.7660550367318761
0.8951555916272296,0.7916577983068656
0.8748860571242305,0.6875534587028741
0.872960065561393,0.8002599639912735
0.8578391074376455,0.7722646402347004
0.8227724843567271,0.6919343977195653
0.8656376157268215,0.7473380157442411
0.8991267946555563,0.8244348102177413
0.8665738128563648,0.7934427298660678
0.7792091213038385,0.6992372635931923
0.8072738278616506,0.7463254193561762
0.8333639008794367,0.8015174966744514
0.8516311321265595,0.7851403443182579
0.8733469532037061,0.7922933968950697
0.87786790233645,0.847804253646839
0.8053111957603113,0.7730607213609577
0.8795720706586065,0.814681020822779
0.8477704214513444,0.741757708904713
0.8674522370843882,0.7901262806988554
0.8613854611415444,0.8144534668373744
0.8685936942424533,0.7920081231773521
0.8542505610715666,0.8014980795570921
0.8768679810470724,0.7859493595759024
0.8883178342404767,0.8402967914524504
0.8606547417288775,0.7488165345937874
0.8555432203581217,0.7304291666510134
0.8985790984837642,0.8455817662395981
0.8344823716477525,0.7351966265121245
0.8912415013900131,0.8046300055625543
0.8558349141487503,0.7743047693233951
0.8810122893906598,0.7842513153487927
0.8723005918327212,0.8357512878897656
0.8421518909772965,0.7709047616957089
0.8612832192796354,0.777232703411617
0.8706477071410476,0.7381656060936934
0.8212938878528429,0.7116331926249071
0.8590325834358441,0.7785553937311798
0.846869927325415,0.7884898691004198
0.8557982596796607,0.728204261267702
0.8235427553347359,0.6934452831761813
0.8282371889793045,0.7399378561918455
0.8631984087633304,0.7635311405477438
0.8253566607868439,0.7009936317613118
0.8824671324855915,0.8340320088551949
0.8492505307208795,0.6436293405518585
0.8597150941084107,0.7799667789181998
0.8570505929501337,0.7779916737085683
0.8410458612788847,0.7372363586831275
0.8339466033598871,0.7583503178900971
0.860682075899379,0.7356223887132075
0.8718978024227096,0.7811377763520977
0.8591582006629399,0.7349444630696333
0.855588772569234,0.7523852735541329
0.8482194573733113,0.8226555779556175
0.8581930973445613,0.7354564502154017
0.8716427318288695,0.8715935266057286
0.8902941750744466,0.8407110076551404
0.8890627874764561,0.8157960253241238
0.8617682305964038,0.8133024471060167
0.9008404957467959,0.83834734165494
0.8688878771584471,0.7846973652112474
0.8358330322670501,0.7004738814759207
0.8708662967858383,0.8057212812097793
0.8638948241706215,0.7555804675029694
0.8246716682493416,0.7300703500922087
0.7386537174046391,0.686955719356317
0.843699580851931,0.7958553965496058
0.751983481127888,0.7072967872646339
0.8181955474990911,0.7755480126608432
0.8399199337236711,0.7567979647912606
0.8599038259836685,0.7537004133434588
0.8598443641061286,0.768103072401363
0.8557170063752848,0.7699431071898826
0.8499381064512929,0.763205025779413
0.8564707432992174,0.8447002811587646
0.8298629043490049,0.7696721064145722
0.8336108947927001,0.7876857563861392
0.841407057371315,0.7933393785489488
0.8633214966535563,0.7680505736672284
0.8357383825998247,0.7578401526238617
0.8232259476772391,0.7353615177480154
0.8548010087475226,0.8473439887101786
0.8327132185482409,0.700583276020257
0.7844883299703785,0.6771174212441442
0.8431680725912305,0.7833591746225524
0.8817464138021902,0.7782424262431078
0.8600257353191041,0.7958387398363607
0.8585024942407606,0.7282400232647369
0.8482524773123835,0.7892946377780087
0.819173061607334,0.788052823420786
0.868373280241233,0.7610735475865895
0.8545847581541579,0.7497762167048876
0.8836191212759603,0.8091486885040982
0.8640659096892448,0.781350490382494
0.8549370888438667,0.83408204321264
0.8394966111461231,0.7806542532141514
0.8788168466127262,0.805279697948842
0.8943439685267915,0.8199515261832666
0.8679275231690995,0.8115453295816566
0.8337122625423673,0.6873627555998811
0.8680893837695693,0.7653166266186253
0.8606834158099499,0.785870932155022
0.8428681599867317,0.7539961724253204
0.8505373450178884,0.7934609670314934
0.847281750973389,0.7373027050726927
0.7205955711212032,0.7905736188301761
0.8928248183972379,0.8163490407816154
0.8694069874072685,0.9420805189974368
0.873735329907228,0.7325026809471313
0.9015148809529964,0.8402891142449413
0.8651676584442936,0.78839026793066
0.889605979162836,0.7849502741217599
0.8519607190977132,0.7327963914757306
0.8304956280509888,0.7441168190169426
0.865590279540536,0.7334095591963868
0.8710485357308695,0.7710282232101676
0.8604191876679101,0.8105883922924093
0.8767782176528626,0.8663794615059108
0.8496466136657344,0.7851600017518023
0.8445233945781819,0.7723344301847088
0.8611665485155371,0.8243528366372965
0.9134014641181667,0.8054071782288836
0.8657081557016677,0.7632945950957195
0.86522130835152,0.7653416306783396
0.8565210872327612,0.7713473481994488
0.8429712189282674,0.72760643437993
0.8864653372178186,0.7933576340064052
0.8393669824071047,0.731609994691879
0.8600139025803789,0.7878444338612882
0.8313440851485265,0.7946794933853008
0.8651548071814492,0.769004556276857
0.8612472228440832,0.7391819230320004
0.8515876048471642,0.8110198340557889
0.8541816165794004,0.7787342825793906
0.859223361993053,0.7802519851033192
0.8816251767690564,0.811948963136069
0.8716108441319421,0.8036665803627108
0.8952140961725874,0.7990558563097797
0.8423006751638191,0.7194290788935442
0.8880020596977882,0.8339058741536118
0.8763839604377626,0.8482462756473479
0.8399611651486447,0.7698383197400926
0.8696561722533749,0.8003663970968371
0.8604307779851432,0.6916973642146493
0.8935796703843113,0.8281481780408306
0.8415553513665381,0.8301029821790318
0.8758923029623259,0.7921529867025241
0.8361238050977313,0.7716795974492354
0.8956870411713436,0.8246482369378135
0.8537916938752868,0.8297143859187284
0.8385167653542135,0.7714289739837921
0.8523562736688135,0.7795072353326031
0.8703608694095051,0.7506442334429477
0.8867747566212036,0.8541827994485804
0.872995004358317,0.7443094499813808
0.8732585802718571,0.7678057884015961
0.8530904950513702,0.6817420960967593
0.8005198348832313,0.7692616485424091
0.8598238101485659,0.7869343799413951
0.8540405342211432,0.7556012222004422
0.8727021244901665,0.8113147459985027
0.8334266943687627,0.8627912472213768
0.8454081086364158,0.7783146460596289
0.83713295128461,0.6909634096121141
0.788303793201174,0.6795216643721007
0.8828816233300063,0.8271136344046719
0.8759795602922337,0.7775701160909598
0.8630142509231392,0.7596059906303645
0.8526393462445019,0.739138711598263
0.8314434155910877,0.8333346672110697
0.8406930637299326,0.8158114846763622
0.8259741645922438,0.7143940401025126
0.8607449458332437,0.7976049035577243
0.8095918230646338,0.6986451360257246
0.8384904854278453,0.7459121278465186
0.802741025763338,0.7601625621849069
0.8280128267396887,0.8162960194858805
0.8708262565689764,0.7748370282593808
0.8570480435925165,0.6016546285189642
0.8655070665408542,0.7829841512255526
0.8620440277750787,0.769687836504854
0.8456153785587144,0.7880736686790248
0.8509390051184544,0.7985193195657833
0.868880652667693,0.7690330227728757
0.8630155419642812,0.8001066134187538
0.8798248148621668,0.8288090530088177
0.7477126081018935,0.7106066595501894
0.8353443617982648,0.8033981410438235
0.8774134319610798,0.8340331309963184
0.8574433932785435,0.7825461316542376
0.866852300990923,0.8168656595266164
0.8588009715396895,0.7672650943856256
0.887030919728068,0.8142166122865692
0.892657578154539,0.8153001364995943
0.8449947989097425,0.7582668194834614
0.8830308716508306,0.8067291020371887
0.8507181344942766,0.7892513400877854
0.861524992430953,0.840529476324019
0.8664744078242562,0.7851233346313183
0.8874992769888351,0.7864613910124872
0.8575778598311158,0.7583780140358896
0.8474548188943289,0.7982774891667828
0.8189009414423036,0.7292354505042419
0.8189190654463956,0.7394251790566215
0.8889887015796525,0.8912005826552789
0.8704121510943476,0.8261675333098857
0.8586959570465073,0.7725832567112008
0.8208010914912368,0.7969874812130673
0.8706268876140227,0.7190942009180499
0.8154939898572977,0.708535143458646
0.8846380029847754,0.7452524405879878
0.7749877761770998,0.7784796950682441
0.8066204782714126,0.7525957874930991
0.8513920830688143,0.7347709672426165
0.8516698524070858,0.7658033712147341
0.8146914107027319,0.7536657410761028
0.8823534109161162,0.8182773414907392
0.8752857949910461,0.7928780148798944
0.8066743979726291,0.7709260912636695
0.8373634816298401,0.7773424802431859
0.8527545337828519,0.8095282399060018
0.8566784315147825,0.7913776746840179
0.8635797047045581,0.7128803514226665
0.8644775333695225,0.8111724098314115
0.905814433306307,0.823926832761616
0.8795595482809824,0.7639852237523802
0.8800463354076642,0.8161936126603943
0.8482421996349538,0.7572916121714561
0.8705204952246077,0.811299996268908
0.8796622459887833,0.8149514515052197
0.8621890666054819,0.7976125563938468
0.8954019853690779,0.8439548962333585
0.8626503962168313,0.8237113653253569
0.7553397346047774,0.666505231045665
0.8644162318727548,0.7818758846325402
0.8671346839256027,0.7941402349854544
0.7927652351421365,0.7399222500069748
0.8854150362544817,0.7782249753741552
0.8724748021013754,0.7980607313881323
0.8565576568590384,0.800163416529467
0.8530740048960608,0.7941815232708339
0.8553587016023807,0.7868591003348351
0.8685749831651361,0.7733000826336507
0.8948663089434903,0.8026591282308941
0.8359794711934949,0.7671899631650639
0.861481442547843,0.8625193736366632
0.8777794346069476,0.8012767665414429
0.8460782790581352,0.7866471810006601
0.8663510997613278,0.7943605039178148
0.8805335371598364,0.8216589445086593
0.874108647135085,0.8160875629820638
0.8624548912214463,0.7566943116294832
0.7972205536657351,0.7171112195417009
0.8366575284481342,0.7625193233602207
0.8653716389872121,0.7963881773056058
0.7830739892658483,0.7139097810590259
0.8481075433722592,0.7880317275610149
0.8783814044336953,0.7851080772847896
0.8548570336879197,0.7744561800034773
0.8745609828315772,0.7780685046295
0.8951776234041333,0.8148493418015972
0.8934806685275426,0.7887088352402859
0.8885674334944533,0.8038562791561972
0.8689545167448876,0.77825089944362
0.7138250712356207,0.7341785123621469
0.8459069518537264,0.6542042795405002
0.8717673709335636,0.7657695276755605
0.897516589350234,0.8067548534031626
0.8775910099649079,0.79998769442841
0.8977704505528094,0.7909032970472207
0.8780132906306395,0.7958282640749164
0.8909529822953339,0.8145443541624693
0.884617770252639,0.8069818009547074
0.8929574074488695,0.8701885985320648
0.8596471268215976,0.7883057361070682
0.8719209112109356,0.7981166788649701
0.8619954621301733,0.8182373165445949
0.8466987392840264,0.7896051746960184
0.8110985215829427,0.7754435714180293
0.8638663018157355,0.7924080487139304
0.8773347193179717,0.8183645633252585
0.8519931368941862,0.7017914619513426
0.8646601540306686,0.7634681756549153
0.805861562976689,0.7731206552007733
0.7643636921399372,0.7291617165451001
0.8843065817343911,0.8088408265859703
0.8449158160527195,0.7378729079479961
0.8757895773270544,0.8514447668825968
0.8375616984976719,0.8000391732660331
0.8460466027093363,0.7899562977601926
0.7920952919465536,0.5689059291012267
0.8509854477470523,0.7517202805691383
0.8891193890367086,0.8205200389605578
0.7943799592158509,0.611622343731908
0.860914751666138,0.8250645862962044
0.9055385980809854,0.822730862964769
0.8443572285033246,0.7825256156795366
0.8300204469414677,0.6728590006665925
0.8658311430991812,0.7744788994774752
0.8149881410455642,0.7570092693289032
0.8326417117136454,0.7602382293898422
0.8684163071971827,0.7612170532022937
0.8309498551366362,0.7799853270102122
0.8648348937009209,0.7717041279114509
0.8253211925872759,0.7616519616620726
0.8643304849743423,0.8267410011011618
0.8353770336097608,0.6895660167361012
0.8829991661317762,0.779549682193141
0.8824733847687679,0.7639568067793474
0.8540837323523057,0.7812784031986499
0.8334875575029406,0.7632945824406814
0.8957015736108997,0.7775022606199196
0.8862752898945195,0.785391109767696
0.8659998287114683,0.7715203289543289
0.8756039180391157,0.8073058577658389
0.8514953747774298,0.7667051924012882
0.8494293002938513,0.7808245996656688
0.8660563711513296,0.8037211823108341
0.8750422862656425,0.8012610713594488
0.808671757779345,0.7437834400737228
0.8453871072829403,0.7559627497719541
0.8743681643494166,0.7465950795734416
0.866367373152636,0.8203713295240405
0.8603480002615997,0.7689314571983703
0.8697345830455057,0.805135432665611
0.8500910021539028,0.822367733953641
0.8726165893332869,0.8177874125596081
0.8687635097313695,0.7996472616338892
0.862371015678093,0.7804985940285969
0.8417193635897644,0.8370104036822003
0.826986608441047,0.6578824699939653
0.8479385100340664,0.76898427985395
0.8801776876665711,0.776464072368889
0.8864546213153285,0.8006922823224153
0.8602382016356416,0.7996874832525145
0.8611342195146171,0.7390082580279972
0.8548777695228348,0.7298106452021889
0.8465321820974647,0.8014621024272319
0.7579236244788307,0.713965187044661
0.9098456999004678,0.8444243806586518
0.8136444942133129,0.7396469432165167
0.8707010733763758,0.7793391467545462
0.8424471015207509,0.7531226542975586
0.8323801841381517,0.76861284886577
0.859939530102395,0.7635390422703372
0.8458920414854483,0.7500357565793871
0.8762747960991789,0.8350806798697135
0.8190612732177642,0.7454295922098959
0.8505486478874215,0.7384787220526494
0.8534176775894327,0.7125474578062585
0.8747808328306821,0.7419748092153668
0.8705273559476081,0.8225757672175642
0.9106259087770883,0.8525566911585366
0.867601940220152,0.7941481853687431
0.8789242613252017,0.8212422370617426
0.882619076047082,0.7823792933500284
0.8951556644497938,0.7602751776456391
0.8515859598535924,0.7194307222439901
0.8698873160596825,0.7784038333751708
0.8701775350668762,0.8017322303800751
0.8515956325079481,0.6964681020467915
0.8910307111722741,0.8506443675671447
0.8482951683575165,0.7808187855141848
0.8327883336561077,0.7753818447977789
0.8583514108662962,0.8591608959694772
0.8343633330403053,0.7699869566115864
0.7678411167359325,0.7457940451033961
0.8707225751101773,0.7918603327934919
0.885895641327665,0.8073283786298672
0.8829944750539962,0.7636874816763233
0.8507837517646777,0.7939166784923848
0.8359920828867451,0.7939869371426294
0.8387716091925658,0.7784854368825
0.8371378964834881,0.7497284417314255
0.8672863500008794,0.8362837526051725
0.8237637242128412,0.7854628014720818
0.859875628726508,0.7575428216179112
0.8430285999091376,0.7691547836089342
0.8520225597371408,0.6997752568910492
0.8021773768978075,0.7190521354819783
0.88395934287479,0.7415885232435647
0.8575052051112092,0.7010242314550263
0.8665238069209307,0.7943751552578688
0.8603736639500947,0.8334216960902228
0.8612384122018143,0.76511893498362
0.8356178022047265,0.7574059197659473
0.8643852145703905,0.8045897449210471
0.8686455930318593,0.7844967848794043
0.7951834281780585,0.6550824290305243
0.8213775602306315,0.784717186504728
0.825064281797212,0.7782335183684963
0.8559307207873146,0.8443683467245824
0.8886631761908033,0.8212573067145206
0.855604033919892,0.7842001708573052
0.8643729983228747,0.7895651853607766
0.8579498763012371,0.7623548225473689
0.8608602262194474,0.7932414701048996
0.8463360877674453,0.7523630021198673
0.8475220263912875,0.7363401440210084
0.8514793273721577,0.7759097255623927
0.8348164065190307,0.6851372435594253
0.7887665551282195,0.6708808828678325
0.8989023945537762,0.8204274876474886
0.8821745086718521,0.844456701163076
0.8517376772770069,0.8244807868829762
0.8630932848733226,0.789663902693803
0.900126320788639,0.8004887010182513
0.8838433271114121,0.8622419438525972
0.839659102034155,0.7374238416176532
0.8364830366328996,0.7369709182417896
0.8574198471016534,0.7761093929761023
0.9016854372105447,0.8210040789935635
0.8436985663966314,0.8035295384803318
0.903449493784581,0.8556800650873266
0.8766904258798265,0.8148672731684908
0.8748756029453403,0.7731018880058661
0.8588651250533494,0.7835332851395976
0.857005884498587,0.7463228793568886
0.7403195857069491,0.6837644978013137
0.8654622401962381,0.8054743018710208
0.8138917795457337,0.7636560804199364
0.8578601612493804,0.7518324506196564
0.8249264443900294,0.7569898619207849
0.843397427222789,0.7454122777393247
0.8651836672229745,0.8281932427073981
0.8563260787908191,0.7899296450008079
0.8676655139980057,0.7923633005793849
0.875253071583364,0.8055301312756846
0.8464542117658573,0.7523017509937653
0.8372079011172895,0.7281459880391215
0.8277275543410927,0.7006476054573589
0.8999730398236792,0.821970891129898
0.7646164360107985,0.7535307266145194
0.8423120275297543,0.7420372833249957
0.8517020744840323,0.8573733930196616
0.8482135658813295,0.7980436303107228
0.8705290516426006,0.7510102322684373
0.8680029027672667,0.792514137853094
0.8356606931602382,0.7372397499420209
0.8061979916329861,0.724022351375962
0.8785685902029758,0.8290372695315005
0.8558771535961911,0.8079213885803568
0.8590434880713986,0.752435877061844
0.866536284040485,0.822219057720064
0.800500149956913,0.7192507732072784
0.8621377070840086,0.7643992193733535
0.8521904970423793,0.7194876751273043
0.8721128038868718,0.8207191078062623
0.8776799480917956,0.7958741090805652
0.738634226732969,0.6960428670238454
0.8827609869223706,0.7753951066139617
0.8967705839975335,0.8138308233243507
0.8879521240711402,0.7907384445941741
0.8619935855987634,0.762141829008947
0.887435750386646,0.8561967922355045
0.6809831585170232,0.607222921866091
0.8550759731779587,0.7729015164462778
0.8056033988686522,0.7661339513771058
0.8323360762870797,0.6662416890209876
0.8505216259787958,0.7530539719787765
0.8607744064926626,0.8081116721769627
0.8619106168688454,0.8405533901464686
0.8792705029961978,0.8312754103445847
0.8069049345844075,0.7295240707253614
0.8561789452234381,0.7898790681837877
0.8491907475863417,0.8537833728838325
0.8509323341241353,0.7617971457183919
0.8729871967241766,0.8258643195471401
0.8523413649094799,0.7754845231059981
0.7685246722309568,0.6539307822308957
0.8743149784156441,0.803461164612856
0.8208459421628265,0.775535165248494
0.8595350782495536,0.7644098012532319
0.862601084402447,0.7756557679210704
0.8508702892096942,0.7364842680557118
0.8781290041486747,0.8059807673831682
0.8559513442006883,0.7736474793827774
0.8752562813375736,0.7648409381804571
0.8900145538847877,0.810040088088038
0.8525218039205773,0.8889109968930251
0.8203312039860012,0.7575877435626519
0.8649714538038084,0.822323030092015
0.8574549919016716,0.7796247273783262
0.8691747027289805,0.7663049786942484
0.848206607672735,0.7969836008938429
0.8412790831593306,0.7863706515045358
0.8387059844132392,0.8186634747109336
0.8870643453829501,0.8000412964369398
0.8230110523449483,0.7607323620600936
0.8567024260543226,0.7554791040175461
0.8535479572506837,0.7865912306237554
0.8672607166410804,0.7364268312816247
0.8721008673686699,0.7571168172790042
0.8482692741852687,0.8804859590288606
0.781457608188961,0.6806655240318209
0.8664810254078976,0.7954476371410637
0.8895907051656397,0.7959054571248199
0.8516469921357951,0.723755982068248
0.8378541870941973,0.7673556799489762
0.868437587143774,0.7965890679125801
0.8644725668705753,0.7767916486625219
0.8762199553062273,0.8111391269375092
0.8439140267543409,0.6531002303716751
0.8330625319555445,0.7537345761589181
0.8315876906518379,0.7488372581113711
0.8544713110210802,0.7819620181235064
0.8775276846549941,0.7872176783387455
0.8613319770954457,0.7423208533246155
0.8272380700189252,0.8247902171493275
0.8645410723158211,0.7854100923207352
0.8689253232112171,0.8230981614671403
0.8924665254678247,0.8088534785258001
0.8532133965688079,0.7259670187415955
0.7333832611192931,0.6719897998089406
0.8569746701484743,0.7625734242813287
0.8638035712238217,0.7892966905204868
0.8403550794093858,0.7801613035307319
0.8570129393678102,0.764641530573533
0.8189344441643882,0.781236237693945
0.8570039503102808,0.8045973737857037
0.8335630439606319,0.7491010828414704
0.8408615945827019,0.7955850100260421
0.847032696280364,0.7937998418804948
0.8349162384545896,0.7640883017238305
0.8746155649528772,0.8360034883988988
0.8596694083958928,0.8113985443432087
0.8497282274393718,0.8063556340990018
0.8269125315080019,0.6367355599083362
0.8919663811623287,0.779179066676331
0.8943050019535904,0.8450115104410121
0.8442137276398172,0.7678608901888674
0.8872101197314286,0.8688288426668627
0.8779607467084694,0.7876297202058893
0.8645125949878827,0.7912696001706474
0.8526188685126481,0.7981266969871704
0.8431443028397918,0.7766194612663605
0.8054182324259758,0.7210228530293088
0.8040843473862298,0.778971269766953
0.8614781312826261,0.7610193533556879
0.8662820869087465,0.7418992943849501
0.7848386559478135,0.6809923609930607
0.7591108203499063,0.7080041781137321
0.9077965021923853,0.841902931166352
0.8821549206766657,0.7944365684225394
0.8822660079265846,0.7753550487730778
0.8901322454875747,0.8105300558349362
0.8663575464310831,0.7980201250127171
0.8354019646134693,0.7199477975046522
0.8683087543771519,0.7989320901684552
0.7423051125682281,0.6421279867207288
0.853942737381253,0.7901120237574724
0.8676933041804418,0.791650883287026
0.7936805731304682,0.695378412812153
0.86260725258136,0.7914900194180318
0.8587146516491447,0.7945118973200049
0.8652300882084831,0.7930812316274193
0.8241236065056112,0.6818959173147564
0.8711989460843139,0.7391434656125238
0.8799867967687044,0.8257610652255508
0.8640528621302236,0.790250228463438
0.846945214214683,0.8071404154979591
0.9004696854758965,0.8312090806875461
0.860621812184003,0.8698513703390139
0.8362630418457264,0.7075721369705105
0.8349091039072671,0.8100175271361587
0.8423844919844616,0.8494091837763025
0.8622363771710724,0.6992418922629647
0.7952631387315312,0.7365177736725814
0.8675912446494237,0.8159277280436106
0.8830849838735584,0.8103747748406014
0.8670693500413807,0.7658894470021658
0.8648494584078443,0.7541165450870442
0.7272909444967154,0.7833273729201218
0.8606541455110392,0.7672547754162204
0.8811156186121327,0.7762730871400849
0.7818120734828495,0.7173517724292913
0.8841992717311556,0.7385799570938911
0.8784921347491337,0.8150960967250704
0.8378493987271174,0.8029011091042741
0.897736743189569,0.744017153086271
0.8499270986829635,0.7878325730408139
0.864483806853324,0.8022945525262835
0.8755743458825326,0.7558554673505994
0.8363591913106792,0.7226240637984254
0.8540217066452277,0.7817833609470866
0.8397205504398177,0.768727596044239
0.8725656289986325,0.789046524715802
0.8329767818818641,0.7963424330487965
0.8632227082187918,0.815938235695894
0.8736881296282563,0.7922473354151914
0.8353996995088533,0.7235142906884169
0.8567016733253332,0.8059244901609725
0.83321749013101,0.7997968772140879
0.8195772592313278,0.7708125962868592
0.8581828850214887,0.8035319000178511
0.8549360043909315,0.8147309166554653
0.8366705040478326,0.7531611088126691
0.8697497100534185,0.815768724611216
0.8559003362750423,0.7717427358047712
0.8610998592861097,0.7859434041424025
0.8705562365881314,0.8181067215173351
0.8837685624464177,0.845120298571665
0.8814425509175396,0.8588052627914146
0.866639418427003,0.7147829113078775
0.816160131696845,0.7777965102276436
0.8545412188572868,0.7683262907268504
0.8927439456188325,0.8061734463050214
0.8498074028265395,0.783814000128296
0.8628461337942188,0.7846126616635734
0.8764297519078068,0.7620572463944815
0.8679433473807888,0.7992812516167268
0.8643918443215552,0.805838167039577
0.8610969823286703,0.7984231083210545
0.8910765679156198,0.7932310123958846
0.8285174453755164,0.7870419021731719
0.8635005368239819,0.8036826588614371
0.8567910862492117,0.7962876626178312
0.8812426600046487,0.8163163284286179
0.8360654200435951,0.8183635297956241
0.8817741716472401,0.8066692816145784
0.863872795124012,0.8038744369113764
0.8896534654881307,0.786972057702981
0.8428617573241972,0.7474434505780576
0.8685533722673808,0.8323445188389802
0.8579624085936322,0.7861125210298112
0.8739547514308064,0.8296204877126963
0.8661733917694654,0.8203184683458995
0.8587097423483123,0.7822907132227475
0.8681667086357832,0.8458172717179907
0.8345444872525157,0.782913155768634
0.849520285060269,0.7275698154841423
0.8408473218524737,0.7716718466906267
0.8704932267344688,0.8037427531147938
0.8409893931134735,0.7344680564895845
0.8790944248042587,0.8208028834376158
0.8115772004295039,0.6767860375985346
0.83203166164815,0.752349673296978
0.8418088271346611,0.7620069609311171
0.8292095484447648,0.7528378489507221
0.889356912090071,0.7960958071556569
0.7788352518780991,0.6793304972011395
0.8384266205639448,0.7839377531626615
0.8215069291968375,0.7306675771934126
0.8469771836537764,0.7555550482146588
0.846546466940417,0.7925928692644226
0.8306983557271167,0.7761730716130602
0.8544092573767628,0.8226957526174001
0.8156090560836332,0.6905911577425303
0.8525733051599359,0.8711578197483241
0.8601317454559098,0.7759881981379053
0.7589009752728584,0.7152467091521046
0.8234703921196325,0.7048976084760257
0.8161987239450249,0.7122657641036998
0.85374606542595,0.7996809083333827
0.8643269743302677,0.7680894043035085
0.8657040104171317,0.8270942720421891
0.8603864078762901,0.7503989611315371
0.8511155322004568,0.7496247292003708
0.8463534401143717,0.80157612765292
0.8660748602774195,0.8437122130248689
0.8384530805893318,0.6906712671304576
0.7756010652718659,0.7034314309717119
0.8557386400785622,0.7617129900631942
0.8299661203322561,0.750345331955274
0.85749348760081,0.7920681633012934
0.8682618453847211,0.7841919556717886
0.8283558543821973,0.7476539404765834
0.8562528451491604,0.7717058031762052
0.9036145680427794,0.8161672903169431
0.8624354865409551,0.8122933464161008
0.8626775080327017,0.7887307681341534
0.8498105846683388,0.7722554845190301
0.8030998097281916,0.750690766902495
0.8756609381629133,0.824856801659933
0.7674955150766007,0.7139206349355915
0.8982047187947698,0.7636560948143292
0.8779093181373006,0.8402619030294418
0.8304502525884205,0.7828608314223727
0.8569982712136385,0.7802239525804299
0.8173060500184857,0.6392306026272485
0.8135328628288891,0.7618440433907014
0.8196425921460717,0.7793154718005599
0.8661054343132834,0.800725144551047
0.9003672823713684,0.8906971395118317
0.8221008303528863,0.8154628896504647
0.8627434403231979,0.8037837840190207
0.8803721894323169,0.8208236851952877
0.867799723308929,0.8033572936850181
0.8413527939816374,0.7859302055846858
0.8501195609198415,0.7727235191144632
0.8318192988801982,0.7314374894206016
0.872709195581805,0.7447298932218196
0.8842241139732352,0.795551445012007
0.8412457923376173,0.7665142800591973
0.8016053638321753,0.6700283740732699
0.8305019872506746,0.7763726671905788
0.8289721304457776,0.7067138072794206
0.8581337271423415,0.7475588281534198
0.8827675549268899,0.826133505904334
0.8666818388949865,0.750884381192616
0.8615579513892917,0.8107064955041892
0.8457498550303921,0.7675308593749841
0.8647852649494367,0.8188907716928496
0.7087813386010829,0.6882587533046357
0.8857951033213707,0.7963006245779751
0.8316429904813042,0.7449676007362901
0.8818230493473325,0.8197700197952497
0.8316159496976834,0.7235056206467825
0.8720367049733166,0.8138273159064728
0.8677259847978025,0.7883443788641689
0.8441620961853572,0.7822187340847421
0.8933353348147972,0.8062575464207518
0.8773611278924699,0.820930035198058
0.8866386433365272,0.7869500281055124
0.8146545221752355,0.7588269918505358
0.8699668909424003,0.779334924902395
0.8230233179019233,0.6909780332525302
0.8754613613713219,0.7956593609268892
0.8668012535889859,0.8164376741723701
0.8883778428622296,0.8124599731878721
0.8447669099811399,0.7445982736737826
0.8701989175792848,0.7920869988225212
0.8621981145323956,0.7712586610537906
0.8568097469725289,0.7907728085965959
0.8224539476067942,0.7825261455432744
0.8731069697162389,0.8274776014446614
0.8800136748302663,0.7966488965916809
0.8619086461570169,0.7276221772170215
0.8618414901848858,0.834330085061892
0.8879852804563135,0.8210218018087769
0.8340767504644715,0.7350649689661615
0.870739031203422,0.7958846584033696
0.8621122364366055,0.8126393257281667
0.7557418824974288,0.7642493683020755
0.8841210920637652,0.8010887112342382
0.8849788921661139,0.8225583154850036
0.8431178487427835,0.7231990129301494
0.8707981161809759,0.7687230328187696
0.8520911206836339,0.7657267289033396
0.8796239834568845,0.8025447289763796
0.8437040331785403,0.7821013022986858
0.8394425952482117,0.7141084846997611
0.8262859336117637,0.7165415109406673
0.8384581644661686,0.6870304146958767
0.8549587043398453,0.7753522562448458
0.8517328408705065,0.7574239096459768
0.8560288390587056,0.7711668554027238
0.7929614189514314,0.7350779920210102
0.8629796169237132,0.8294821611132408
0.8293934419685263,0.8023611213666058
0.8726117510618394,0.8020718620601999
0.8492333226269762,0.7849903597492637
0.8548517359743228,0.8150897586704392
0.8867239844013601,0.7652521074486651
0.8478523113878157,0.7770952095649717
0.845264922024554,0.7247153198172456
0.864802580512094,0.7600408489191803
0.8555108398460471,0.7710011087250604
0.797025212870154,0.6918485606195447
0.9017372302170859,0.8463196693509911
0.889542844247335,0.8244249893395068
0.873586619439995,0.7637714161689193
0.8419555785174841,0.7319499499625788
0.8517932483261448,0.744209617934962
0.8655440945249122,0.8138266943419703
0.866576469134658,0.8253680498431155
0.8440214029112904,0.7233687453842585
0.850036714335853,0.6957673015783821
0.8307859887671201,0.7845945023548295
0.8686674076033569,0.8659432427804511
0.88339189698797,0.8207284527198234
0.8343251003479886,0.7489423522939519
0.869826459383396,0.7607675756645642
0.8445021400830934,0.7794831171350708
0.8712936340430157,0.7792131491216765
0.8827473537470152,0.8586119226848468
0.8751995058943238,0.7690207368322273
0.8361439854605752,0.7812184683697112
0.8512177451059747,0.8076060039196704
0.8436034062747804,0.7907577786550593
0.8374162209187056,0.7674871272993984
0.8535957617365015,0.7387346801301546
0.8568347658124196,0.7455207388424017
0.7988083229385141,0.7496222707270749
0.8487931516092303,0.7889537806002029
0.877495665857281,0.7406995137290888
0.8860346996192603,0.8114649481655749
0.8354286438730636,0.8157920628880564
0.8237858920903411,0.7855769450930332
0.8028181463431019,0.7886393080017
0.8462877875333719,0.7821410219004813
0.8703759695038773,0.771107151138682
0.8668352050832328,0.7704508461315295
0.8719302719803266,0.8122349812113981
0.8064296140978333,0.8450491189666465
0.8314865201731364,0.7445550132831581
0.8689099220044235,0.7775121453129321
0.8602548255970576,0.8268718385821783
0.8746456473913683,0.7870674058028534
0.8790219809586302,0.7637588928743263
0.7494538972951795,0.7002692146508591
0.7635898352063974,0.7668791166116846
0.8219751994829512,0.5883280103772737
0.9085988836796073,0.8331953670158305
0.8385866481995119,0.7580507907552815
0.8567543677717064,0.7454001138988559
0.847632782918284,0.7994721971830268
0.8578942478170245,0.7188656976461641
0.8805907094059979,0.7906567836774983
0.8274025495518273,0.792763271323401
0.8607332802136696,0.7638173723372306
0.8778586285823406,0.7513672838072708
0.8484532097841682,0.5975832853121648
0.8146418149996122,0.7143060323226831
0.877239984358608,0.7968140682988829
0.8565546214400996,0.7133217799730965
0.871674090046013,0.758900664243765
0.8778558532931895,0.791587130213131
0.8124377403686736,0.7875586428748723
0.8148027245405699,0.7752648806515197
0.8995975910127972,0.86577357385439
0.8789545014856874,0.7885621367117519
0.8774998078226426,0.7976336860204405
0.8841485108915672,0.8099307003170767
0.8589384687189697,0.776793339326665
0.8572630848792243,0.731857874277057
0.8487006499645908,0.7981332829764136
0.8821091518053659,0.8153594191613218
0.8702770565784059,0.8407470601102834
0.8608480773175923,0.7980558255976322
0.8794072045458539,0.7947690318096959
0.7094614644988304,0.7476927667962172
0.8371238027274734,0.8155263841794327
0.8907106171603207,0.8383393521027053
0.7432562420106152,0.6718909465211621
0.8364803835323803,0.7852594510298162
0.8128472161958332,0.7460278794637814
0.8627767624514495,0.8141405025946351
0.8879326135761842,0.8362333571728362
0.8716552333400768,0.8428595698375486
0.8686173619952742,0.8024598154835374
0.8350453220813445,0.6989794649974069
0.7698788723087142,0.6725757102679963
0.8656014727824531,0.8816797846739938
0.8318045395832558,0.7411017345367675
0.8576165800559108,0.7056956284041032
0.8596062429934975,0.7536062331103626
0.8434069807305862,0.8010116906984904
0.8675382214351086,0.7454171658604873
0.8719025974970915,0.8201088971514572
0.8881437495138818,0.8349810912837795
0.860206222579831,0.7948842208462343
0.8683712401955419,0.7652671062262086
0.8447786462798423,0.7518626233630097
0.8560177151284654,0.7975511847783944
0.7973902574832707,0.7638577235372775
0.866923008833412,0.7424142770515447
0.8831877634639191,0.7974026106882995
0.8508604844954466,0.7392751072004128
0.8259838780343227,0.7554644511610888
0.8571103690505568,0.7372350351434241
0.8800201181205487,0.7418043986007836
0.7851209130567377,0.7218650491674805
0.8858524417509428,0.7400814872138857
0.833214545518985,0.7810946174880221
0.8769232556291616,0.8138695824939156
0.8623498810053883,0.7052778996573744
0.8300480800981644,0.7796587217113884
0.8036364658534505,0.7628863653917914
0.8271305209592933,0.7818109434930919
0.8591301488965949,0.8075042576119866
0.8435685977421821,0.7423923666936876
0.8801414610183601,0.8483869150139483
0.8784558970010244,0.8166504573942476
0.874115283806594,0.8230073177591706
0.8596782454854983,0.7847768566568104
0.8797133273106638,0.840894866149714
0.8570298443271177,0.7825255786351457
0.8575904003359303,0.8017905264721681
0.8519753827369263,0.7941349081356593
0.8505595229959568,0.7119180575069674
0.8563320618278358,0.7737210447950693
0.8415872688470258,0.7810307229295965
0.8552306378014638,0.7942185264124557
0.8702350634999995,0.785591386439093
0.8518122598668181,0.8040435211942523
0.8397579543779774,0.7323347035577126
0.9054405342827233,0.8000333158234006
0.8658053881470243,0.7779721604772085
0.8328042186915644,0.7825499425794669
0.7348242256324489,0.6992698419151973
0.8630741814827121,0.7569304104703152
0.8732392340977693,0.8161602288209702
0.8806007961703023,0.7609467949482522
0.8666381053126763,0.7557060750125848
0.8239326909459836,0.7628547976490422
0.8544765965656426,0.75976017971766
0.8811592653778245,0.7778491492410644
0.832475006156565,0.6748910515263845
0.837972852007838,0.7819683542745677
0.8721953746718892,0.805551797901298
0.8826635517514106,0.7665100085357925
0.8470909124543224,0.8000917804600463
0.8611628028599044,0.8001661659118876
0.8507089876152402,0.7674429929727
0.8154489785213959,0.7370938029471028
0.8830141603719852,0.7900168509887533
0.7904014477478647,0.7735224807427322
0.8384512102586485,0.6567123669343791
0.8590089112664632,0.8022908430509852
0.8786806701367104,0.7826410045043543
0.861296947348869,0.7412735841722111
0.8489280701823654,0.7807605662010888
0.8887779166409873,0.7739736082952873
0.8868632837543482,0.790064280620921
0.8510431426118932,0.8254519379954088
0.8480200059801428,0.761179950367172
0.8558395106137018,0.7493656624160282
0.9014253131789922,0.794235232399612
0.8424425088780457,0.7833872171810871
0.8695788919259624,0.7926512264725964
0.8729000201918073,0.7916634884886442
0.8817786605138312,0.8179856776415875
0.8780571696306906,0.8142323024284344
0.874336887387068,0.8280157865275224
0.8512630566436836,0.7694752100684206
0.8820062345077015,0.8115128539652852
0.8638483335961263,0.807791089170214
0.8229943056410671,0.811775692644092
0.9024801229438338,0.8419807397827058
0.8728091765706956,0.7726900348445893
0.8744451547262962,0.8480416524946777
0.8223399683416194,0.7510266536643995
0.7275993508270605,0.6454497375833882
0.8126633385452324,0.7303013849804392
0.809519859395958,0.7225201516046301
0.8704562299665682,0.7563001958303318
0.8673818209891485,0.7809032238968439
0.8561524518663838,0.7446506540802265
0.7815952695361776,0.6430952530538963
0.8399271519562683,0.734667906856262
0.8391466709212041,0.8014867119679665
0.8421412588051662,0.8011588345044004
0.8781131037016335,0.8286357101530907
0.8746829356666492,0.7920417655529248
0.8079136857213749,0.7897725325409186
0.8681448645307173,0.7842847449995376
0.8681134407547948,0.7752996869791784
0.8835420782069165,0.7996952828917021
0.8660573381355499,0.8220596672972034
0.84442894703392,0.7298447804968082
0.8275101402974807,0.7296635919280505
0.9029189537911931,0.855311974209524
0.8667290236318659,0.771601277518515
0.84727119950418,0.8287406665480241
0.8633465951977202,0.7200372061788202
0.8324479234341082,0.7290358454913071
0.8449100842443726,0.7524147703335373
0.8169261745137164,0.7199299128568647
0.882935747079536,0.8243623343361166
0.86232342174503,0.7827484632936009
0.7957463104486547,0.5891553409026549
0.8663305805792954,0.7480430500155929
0.8695309233451458,0.7977845890597086
0.8517840137073257,0.8030197852475875
0.8564277472153402,0.7791771871428195
0.8571908555631192,0.7881845867802356
0.8608802689753912,0.7616367824199146
0.8575668983784495,0.7749473802355535
0.8828801169405586,0.8202751070975232
0.8667555243844928,0.7713967294104069
0.8726170848531375,0.756025844202133
0.8622869264509897,0.8281940672033018
0.8256887650423869,0.7194462450490442
0.8684550773505432,0.8137895678905616
0.88421183612576,0.833989752134871
0.7959841966626722,0.7430622871398567
0.873744412077548,0.7225976120771711
0.8572621220086676,0.7526820266688302
0.8994200141387716,0.858011634704807
0.8899038260265932,0.8359102753462451
0.8208716461728072,0.7882056602634778
0.857484339244843,0.7765894938258827
0.8584147683154417,0.7789097404169942
0.8756248705414036,0.8080789801493606
0.8738220740826348,0.7898312536184542
0.8618236798762822,0.7355098930190026
0.8775086443934115,0.7535699998741264
0.8582452966655427,0.8026289756267148
0.8797470244898042,0.8146303112674954
0.8233013029619499,0.6954113133879469
0.7848376254802139,0.6375920914989978
0.8325560385508988,0.677708396179604
0.8474809116383781,0.7241018023442595
0.8196306155748737,0.7440297100445781
0.8555421773689769,0.7868474862682644
0.8635142549285149,0.7240580201258047
0.8715078165619679,0.7726741287132158
0.8797059661972042,0.7951086461036581
0.8847788276790628,0.8521713274710667
0.8677659546322014,0.7802051321753194
0.7305399878145052,0.655929097758205
0.8373553489727227,0.7961597485638812
0.9026123849272265,0.8031968482842483
0.8650048343062339,0.7921652644972854
0.8708718618966845,0.7955967143199585
0.8480276261726387,0.795398853289401
0.8585156907387552,0.7691512275700714
0.8968653138112814,0.8063742472120294
0.8371753068072303,0.7914287937561955
0.8566659722861291,0.7957595239444534
0.7863512253675646,0.7414906484915442
0.8261307862818663,0.7720252706496562
0.8913913958350475,0.767268190466715
0.8756513482668367,0.7769907757853846
0.8650002144280873,0.7403808356286219
0.8466766669821869,0.7898994243736066
0.8835653652284998,0.8529437287619512
0.8789101209264862,0.7792649790037044
0.8405298559201833,0.8134225373897237
0.875473007902001,0.7810797634551234
0.7637532192604053,0.6760544185279631
0.8803135382637481,0.7912601505372114
0.8768142819549164,0.7902323930221753
0.8453744182912235,0.7371980251491874
0.8687666643956362,0.7941095515247564
0.8690336545320062,0.7609396555365543
0.7819941190756955,0.7390221537683643
0.8564621830366614,0.8341750460249566
0.8947052114705133,0.7744748483183342
0.8503396260373616,0.8101867085723788
0.8188267093576653,0.7492313630950803
0.8820732440709007,0.8231682873343317
0.8090372708342235,0.6945662077109502
0.8472907886238568,0.7555593501689808
0.8779140076564715,0.8194483431751003
0.875011021883084,0.7983205690183043
0.764663477123372,0.6753477392419022
0.8288300736416876,0.7821801533513142
0.8369250855426165,0.7235375589105776
0.8560778354640071,0.6912192921884979
0.8443301902654469,0.7654673020628162
0.8326127145442503,0.7525170582470411
0.8151811890190175,0.6906602020951326
0.8902912377822569,0.8534982151820604
0.8316067776973147,0.8078073996542292
0.7882241439176152,0.6719443704126888
0.7928340544338097,0.7672685491687699
0.7834580895675937,0.6993032693454946
0.8690293339262634,0.8163196108917138
0.8038647677563515,0.7387289683829044
0.9076724216852056,0.8193912234451534
0.8524790722276028,0.7713522898707887
0.852854257337484,0.7828868081551694
0.8563800651540819,0.806062482460723
0.8128799318547312,0.7173102170797592
0.8307139952057897,0.7213008327987283
0.8655889616072928,0.7533872851104967
0.8595396325932257,0.7859565485887323
0.8375397342093971,0.7172785668684031
0.825273452407502,0.7811590520482585
0.8675869455841443,0.7798491793037572
0.8406192039132672,0.781529448049517
0.8896381499657071,0.8131434845211958
0.8484919052319687,0.7535287324283313
0.8720100648429763,0.8080970493511409
0.876952046097115,0.8407877250029977
0.8744117173277572,0.7797333742646524
0.8916610778137412,0.820490822205239
0.8829907786695812,0.8129824763287147
